{
  "TRGB_magnitude": 15.428501714677598,
  "TRGB_uncertainty": 0.3896206002500814,
  "Number_of_sources": 239,
  "Sources_brighter_than_TRGB": 78,
  "Percentage_brighter_than_TRGB": 32.63598326359833,
  "Absolute_TRGB_magnitude": -4
}